vot_proCodigoProvincia,vot_depCodigoDepartamento,vot_munCodigoMunicipio,vot_parCodigo,ordenPartidos,votVotosPartido,votPorcenVotos,votCandidatos
"01","001","999","0008",16,105,9.00000036e-02,0
"01","001","999","0022",9,636,5.40000021e-01,0
"01","001","999","0079",11,365,3.10000002e-01,0
"01","001","999","0178",15,206,1.80000007e-01,0
"01","001","999","0185",10,368,3.10000002e-01,0
"01","001","999","0187",6,3537,3.00999999e+00,0
"01","001","999","0262",12,346,2.89999992e-01,0
"01","001","999","0327",14,288,2.39999995e-01,0
"01","001","999","0503",4,5028,4.26999998e+00,0
"01","001","999","0515",5,3946,3.34999990e+00,0
"01","001","999","0525",7,1507,1.27999997e+00,0
"01","001","999","0531",3,13736,1.16700001e+01,0
"01","001","999","0567",8,1004,8.50000024e-01,0
"01","001","999","0576",2,25295,2.14899998e+01,0
"01","001","999","0580",1,59073,5.01899986e+01,0
"01","001","999","0806",13,332,2.80000001e-01,0
"01","002","999","0008",16,44,3.99999991e-02,0
"01","002","999","0022",10,319,3.10000002e-01,0
"01","002","999","0079",14,180,1.80000007e-01,0
"01","002","999","0178",12,221,2.19999999e-01,0
"01","002","999","0185",13,211,2.09999993e-01,0
"01","002","999","0187",6,2202,2.16000009e+00,0
"01","002","999","0262",9,325,3.19999993e-01,0
"01","002","999","0327",15,146,1.40000001e-01,0
"01","002","999","0503",4,2932,2.88000011e+00,0
"01","002","999","0515",5,2597,2.54999995e+00,0
"01","002","999","0525",7,893,8.79999995e-01,0
"01","002","999","0531",3,10808,1.06099997e+01,0
"01","002","999","0567",8,469,4.60000008e-01,0
"01","002","999","0576",2,11946,1.17299995e+01,0
"01","002","999","0580",1,67051,6.58099976e+01,0
"01","002","999","0806",11,226,2.19999999e-01,0
"01","003","999","0008",16,114,1.00000001e-01,0
"01","003","999","0022",9,633,5.60000002e-01,0
"01","003","999","0079",10,412,3.70000005e-01,0
"01","003","999","0178",15,215,1.89999998e-01,0
"01","003","999","0185",11,379,3.40000004e-01,0
"01","003","999","0187",6,3964,3.52999997e+00,0
"01","003","999","0262",12,357,3.19999993e-01,0
"01","003","999","0327",13,336,3.00000012e-01,0
"01","003","999","0503",4,5915,5.26999998e+00,0
"01","003","999","0515",5,4720,4.19999981e+00,0
"01","003","999","0525",7,1175,1.04999995e+00,0
"01","003","999","0531",3,14509,1.29200001e+01,0
"01","003","999","0567",8,1151,1.02999997e+00,0
"01","003","999","0576",2,25850,2.30200005e+01,0
"01","003","999","0580",1,50396,4.48800011e+01,0
"01","003","999","0806",14,306,2.70000011e-01,0
"01","004","999","0008",16,146,1.09999999e-01,0
"01","004","999","0022",9,758,5.89999974e-01,0
"01","004","999","0079",10,637,4.90000010e-01,0
"01","004","999","0178",15,278,2.19999999e-01,0
"01","004","999","0185",14,376,2.89999992e-01,0
"01","004","999","0187",6,3860,3.00000000e+00,0
"01","004","999","0262",12,577,4.49999988e-01,0
"01","004","999","0327",13,487,3.79999995e-01,0
"01","004","999","0503",4,6142,4.76999998e+00,0
"01","004","999","0515",5,5191,4.03000021e+00,0
"01","004","999","0525",7,2052,1.59000003e+00,0
"01","004","999","0531",3,17418,1.35299997e+01,0
"01","004","999","0567",8,1416,1.10000002e+00,0
"01","004","999","0576",2,33122,2.57299995e+01,0
"01","004","999","0580",1,53319,4.14099998e+01,0
"01","004","999","0806",11,607,4.69999999e-01,0
"01","005","999","0008",16,99,7.99999982e-02,0
"01","005","999","0022",9,620,5.19999981e-01,0
"01","005","999","0079",11,374,3.10000002e-01,0
"01","005","999","0178",15,203,1.70000002e-01,0
"01","005","999","0185",10,403,3.40000004e-01,0
"01","005","999","0187",6,4867,4.07000017e+00,0
"01","005","999","0262",12,329,2.70000011e-01,0
"01","005","999","0327",14,261,2.19999999e-01,0
"01","005","999","0503",4,6653,5.55999994e+00,0
"01","005","999","0515",5,4919,4.11000013e+00,0
"01","005","999","0525",7,1419,1.19000006e+00,0
"01","005","999","0531",3,16312,1.36300001e+01,0
"01","005","999","0567",8,1129,9.39999998e-01,0
"01","005","999","0576",2,27390,2.28899994e+01,0
"01","005","999","0580",1,52545,4.39099998e+01,0
"01","005","999","0806",13,274,2.30000004e-01,0
"01","006","999","0008",16,69,5.99999987e-02,0
"01","006","999","0022",9,566,4.60000008e-01,0
"01","006","999","0079",11,317,2.59999990e-01,0
"01","006","999","0178",15,150,1.19999997e-01,0
"01","006","999","0185",10,371,3.00000012e-01,0
"01","006","999","0187",5,5164,4.17000008e+00,0
"01","006","999","0262",14,231,1.89999998e-01,0
"01","006","999","0327",13,261,2.09999993e-01,0
"01","006","999","0503",4,5859,4.73000002e+00,0
"01","006","999","0515",6,4721,3.80999994e+00,0
"01","006","999","0525",7,1652,1.33000004e+00,0
"01","006","999","0531",3,16814,1.35699997e+01,0
"01","006","999","0567",8,999,8.10000002e-01,0
"01","006","999","0576",2,23836,1.92399998e+01,0
"01","006","999","0580",1,60843,4.90999985e+01,0
"01","006","999","0806",12,269,2.19999999e-01,0
"01","007","999","0008",16,123,1.00000001e-01,0
"01","007","999","0022",9,653,5.00000000e-01,0
"01","007","999","0079",10,519,4.00000006e-01,0
"01","007","999","0178",15,234,1.80000007e-01,0
"01","007","999","0185",11,359,2.80000001e-01,0
"01","007","999","0187",6,4508,3.48000002e+00,0
"01","007","999","0262",13,321,2.50000000e-01,0
"01","007","999","0327",12,349,2.70000011e-01,0
"01","007","999","0503",4,5980,4.61999989e+00,0
"01","007","999","0515",5,5748,4.44000006e+00,0
"01","007","999","0525",7,1879,1.45000005e+00,0
"01","007","999","0531",3,18105,1.39899998e+01,0
"01","007","999","0567",8,1137,8.79999995e-01,0
"01","007","999","0576",2,28499,2.20300007e+01,0
"01","007","999","0580",1,58441,4.51699982e+01,0
"01","007","999","0806",14,290,2.19999999e-01,0
"01","008","999","0008",16,146,1.50000006e-01,0
"01","008","999","0022",10,556,5.60000002e-01,0
"01","008","999","0079",9,625,6.29999995e-01,0
"01","008","999","0178",15,219,2.19999999e-01,0
"01","008","999","0185",14,287,2.89999992e-01,0
"01","008","999","0187",6,2367,2.38000011e+00,0
"01","008","999","0262",11,421,4.19999987e-01,0
"01","008","999","0327",13,320,3.19999993e-01,0
"01","008","999","0503",5,4132,4.15000010e+00,0
"01","008","999","0515",4,4364,4.38000011e+00,0
"01","008","999","0525",7,2071,2.07999992e+00,0
"01","008","999","0531",3,14296,1.43500004e+01,0
"01","008","999","0567",8,951,9.49999988e-01,0
"01","008","999","0576",2,28202,2.82999992e+01,0
"01","008","999","0580",1,38345,3.84799995e+01,0
"01","008","999","0806",12,326,3.30000013e-01,0
"01","009","999","0008",16,119,1.09999999e-01,0
"01","009","999","0022",9,633,5.60000002e-01,0
"01","009","999","0079",10,432,3.79999995e-01,0
"01","009","999","0178",15,165,1.50000006e-01,0
"01","009","999","0185",11,319,2.80000001e-01,0
"01","009","999","0187",6,3596,3.19000006e+00,0
"01","009","999","0262",12,317,2.80000001e-01,0
"01","009","999","0327",13,277,2.50000000e-01,0
"01","009","999","0503",5,4402,3.91000009e+00,0
"01","009","999","0515",4,5651,5.01999998e+00,0
"01","009","999","0525",7,1169,1.03999996e+00,0
"01","009","999","0531",3,16312,1.44899998e+01,0
"01","009","999","0567",8,1133,1.00999999e+00,0
"01","009","999","0576",2,26733,2.37399998e+01,0
"01","009","999","0580",1,49160,4.36599998e+01,0
"01","009","999","0806",14,232,2.09999993e-01,0
"01","010","999","0008",16,104,9.00000036e-02,0
"01","010","999","0022",9,596,5.19999981e-01,0
"01","010","999","0079",10,379,3.30000013e-01,0
"01","010","999","0178",15,187,1.59999996e-01,0
"01","010","999","0185",11,359,3.19999993e-01,0
"01","010","999","0187",6,4542,3.99000001e+00,0
"01","010","999","0262",13,246,2.19999999e-01,0
"01","010","999","0327",12,279,2.50000000e-01,0
"01","010","999","0503",5,5004,4.40000010e+00,0
"01","010","999","0515",4,5332,4.67999983e+00,0
"01","010","999","0525",7,1174,1.02999997e+00,0
"01","010","999","0531",3,16547,1.45400000e+01,0
"01","010","999","0567",8,1126,9.90000010e-01,0
"01","010","999","0576",2,24078,2.11499996e+01,0
"01","010","999","0580",1,51767,4.54799995e+01,0
"01","010","999","0806",14,225,2.00000003e-01,0
"01","011","999","0008",16,88,7.00000003e-02,0
"01","011","999","0022",9,654,4.90000010e-01,0
"01","011","999","0079",11,364,2.70000011e-01,0
"01","011","999","0178",15,160,1.19999997e-01,0
"01","011","999","0185",10,368,2.80000001e-01,0
"01","011","999","0187",6,5329,3.99000001e+00,0
"01","011","999","0262",12,307,2.30000004e-01,0
"01","011","999","0327",13,292,2.19999999e-01,0
"01","011","999","0503",5,5564,4.17000008e+00,0
"01","011","999","0515",4,5571,4.17999983e+00,0
"01","011","999","0525",7,1381,1.03999996e+00,0
"01","011","999","0531",3,19283,1.44499998e+01,0
"01","011","999","0567",8,1062,8.00000012e-01,0
"01","011","999","0576",2,26002,1.94899998e+01,0
"01","011","999","0580",1,64736,4.85299988e+01,0
"01","011","999","0806",14,233,1.70000002e-01,0
"01","012","999","0008",16,121,7.99999982e-02,0
"01","012","999","0022",9,703,4.90000010e-01,0
"01","012","999","0079",11,400,2.80000001e-01,0
"01","012","999","0178",15,196,1.40000001e-01,0
"01","012","999","0185",10,529,3.70000005e-01,0
"01","012","999","0187",6,5381,3.75000000e+00,0
"01","012","999","0262",12,373,2.59999990e-01,0
"01","012","999","0327",14,284,2.00000003e-01,0
"01","012","999","0503",4,6209,4.32000017e+00,0
"01","012","999","0515",5,5624,3.91000009e+00,0
"01","012","999","0525",7,1360,9.49999988e-01,0
"01","012","999","0531",3,20279,1.41099997e+01,0
"01","012","999","0567",8,1179,8.19999993e-01,0
"01","012","999","0576",2,27584,1.92000008e+01,0
"01","012","999","0580",1,70916,4.93600006e+01,0
"01","012","999","0806",13,322,2.19999999e-01,0
"01","013","999","0008",16,81,5.00000007e-02,0
"01","013","999","0022",9,620,3.79999995e-01,0
"01","013","999","0079",12,344,2.09999993e-01,0
"01","013","999","0178",15,233,1.40000001e-01,0
"01","013","999","0185",11,423,2.59999990e-01,0
"01","013","999","0187",5,4693,2.88000011e+00,0
"01","013","999","0262",10,533,3.30000013e-01,0
"01","013","999","0327",14,282,1.70000002e-01,0
"01","013","999","0503",4,5987,3.68000007e+00,0
"01","013","999","0515",6,4540,2.78999996e+00,0
"01","013","999","0525",7,1628,1.00000000e+00,0
"01","013","999","0531",3,19954,1.22600002e+01,0
"01","013","999","0567",8,909,5.60000002e-01,0
"01","013","999","0576",2,22813,1.40100002e+01,0
"01","013","999","0580",1,97159,5.96800003e+01,0
"01","013","999","0806",13,320,2.00000003e-01,0
"01","014","999","0008",16,71,5.00000007e-02,0
"01","014","999","0022",9,658,4.30000007e-01,0
"01","014","999","0079",13,303,2.00000003e-01,0
"01","014","999","0178",14,214,1.40000001e-01,0
"01","014","999","0185",11,372,2.39999995e-01,0
"01","014","999","0187",5,4181,2.73000002e+00,0
"01","014","999","0262",10,455,3.00000012e-01,0
"01","014","999","0327",15,212,1.40000001e-01,0
"01","014","999","0503",4,5427,3.53999996e+00,0
"01","014","999","0515",6,4100,2.68000007e+00,0
"01","014","999","0525",7,1323,8.60000014e-01,0
"01","014","999","0531",3,18119,1.18299999e+01,0
"01","014","999","0567",8,850,5.60000002e-01,0
"01","014","999","0576",2,22546,1.47200003e+01,0
"01","014","999","0580",1,91833,5.99700012e+01,0
"01","014","999","0806",12,309,2.00000003e-01,0
"01","015","999","0008",16,96,7.99999982e-02,0
"01","015","999","0022",9,694,5.60000002e-01,0
"01","015","999","0079",11,370,3.00000012e-01,0
"01","015","999","0178",15,165,1.29999995e-01,0
"01","015","999","0185",10,390,3.19999993e-01,0
"01","015","999","0187",5,6191,5.00000000e+00,0
"01","015","999","0262",12,293,2.39999995e-01,0
"01","015","999","0327",14,215,1.70000002e-01,0
"01","015","999","0503",4,6991,5.65000010e+00,0
"01","015","999","0515",6,4575,3.70000005e+00,0
"01","015","999","0525",7,1597,1.28999996e+00,0
"01","015","999","0531",3,17437,1.40900002e+01,0
"01","015","999","0567",8,1014,8.19999993e-01,0
"01","015","999","0576",2,28501,2.30300007e+01,0
"01","015","999","0580",1,52937,4.27700005e+01,0
"01","015","999","0806",13,288,2.30000004e-01,0
"01","999","999","0008",16,1526,7.99999982e-02,0
"01","999","999","0022",9,9299,5.00000000e-01,0
"01","999","999","0079",10,6021,3.19999993e-01,0
"01","999","999","0178",15,3046,1.59999996e-01,0
"01","999","999","0185",11,5514,2.89999992e-01,0
"01","999","999","0187",6,64382,3.43000007e+00,0
"01","999","999","0262",12,5431,2.89999992e-01,0
"01","999","999","0327",14,4289,2.30000004e-01,0
"01","999","999","0503",4,82225,4.38000011e+00,0
"01","999","999","0515",5,71599,3.81999993e+00,0
"01","999","999","0525",7,22280,1.19000006e+00,0
"01","999","999","0531",3,249929,1.33199997e+01,0
"01","999","999","0567",8,15529,8.29999983e-01,0
"01","999","999","0576",2,382397,2.03799992e+01,0
"01","999","999","0580",1,918521,4.89500008e+01,0
"01","999","999","0806",13,4559,2.39999995e-01,0
"02","001","999","0008",10,7,7.00000003e-02,0
"02","001","999","0298",9,24,2.30000004e-01,0
"02","001","999","0301",6,45,4.30000007e-01,0
"02","001","999","0503",5,116,1.12000000e+00,0
"02","001","999","0511",3,1179,1.13500004e+01,0
"02","001","999","0518",1,5149,4.95600014e+01,0
"02","001","999","0546",4,717,6.90000010e+00,0
"02","001","999","0567",8,38,3.70000005e-01,0
"02","001","999","0574",2,2116,2.03700008e+01,0
"02","001","999","0810",12,0,0.00000000e+00,0
"02","001","999","0813",11,0,0.00000000e+00,0
"02","001","999","0814",7,42,4.00000006e-01,0
"02","003","999","0008",11,547,1.70000002e-01,0
"02","003","999","0268",14,73,1.99999996e-02,0
"02","003","999","0298",12,524,1.70000002e-01,0
"02","003","999","0301",9,1216,3.89999986e-01,0
"02","003","999","0503",5,13562,4.32000017e+00,0
"02","003","999","0511",3,46865,1.49300003e+01,0
"02","003","999","0518",2,80466,2.56399994e+01,0
"02","003","999","0527",13,508,1.59999996e-01,0
"02","003","999","0546",4,19328,6.15999985e+00,0
"02","003","999","0567",6,3656,1.15999997e+00,0
"02","003","999","0574",1,123810,3.94500008e+01,0
"02","003","999","0810",10,1105,3.49999994e-01,0
"02","003","999","0813",7,2518,8.00000012e-01,0
"02","003","999","0814",8,1644,5.19999981e-01,0
"02","004","999","0008",11,295,1.40000001e-01,0
"02","004","999","0268",14,3,0.00000000e+00,0
"02","004","999","0298",12,253,1.19999997e-01,0
"02","004","999","0301",9,446,2.09999993e-01,0
"02","004","999","0503",5,8563,4.01000023e+00,0
"02","004","999","0511",3,29842,1.39700003e+01,0
"02","004","999","0518",2,70055,3.27900009e+01,0
"02","004","999","0527",13,190,9.00000036e-02,0
"02","004","999","0546",4,8974,4.19999981e+00,0
"02","004","999","0567",6,2713,1.26999998e+00,0
"02","004","999","0574",1,80955,3.78899994e+01,0
"02","004","999","0810",10,414,1.89999998e-01,0
"02","004","999","0813",7,1422,6.70000017e-01,0
"02","004","999","0814",8,1033,4.79999989e-01,0
"02","007","999","0008",11,643,3.60000014e-01,0
"02","007","999","0298",12,368,2.09999993e-01,0
"02","007","999","0301",7,1159,6.60000026e-01,0
"02","007","999","0503",5,8050,4.57000017e+00,0
"02","007","999","0511",3,20150,1.14300003e+01,0
"02","007","999","0518",1,80420,4.56399994e+01,0
"02","007","999","0546",4,15322,8.69999981e+00,0
"02","007","999","0567",6,1769,1.00000000e+00,0
"02","007","999","0574",2,34631,1.96499996e+01,0
"02","007","999","0810",10,729,4.09999996e-01,0
"02","007","999","0813",8,1022,5.79999983e-01,0
"02","007","999","0814",9,791,4.49999988e-01,0
"02","009","999","0008",7,101,4.79999989e-01,0
"02","009","999","0298",12,30,1.40000001e-01,0
"02","009","999","0301",11,34,1.59999996e-01,0
"02","009","999","0503",5,718,3.42000008e+00,0
"02","009","999","0511",3,3523,1.67700005e+01,0
"02","009","999","0518",1,7171,3.41399994e+01,0
"02","009","999","0546",4,1188,5.65999985e+00,0
"02","009","999","0567",8,76,3.60000014e-01,0
"02","009","999","0574",2,5668,2.69799995e+01,0
"02","009","999","0810",9,53,2.50000000e-01,0
"02","009","999","0813",6,304,1.45000005e+00,0
"02","009","999","0814",10,35,1.70000002e-01,0
"02","010","999","0008",7,70,3.60000014e-01,0
"02","010","999","0298",11,29,1.50000006e-01,0
"02","010","999","0301",10,43,2.19999999e-01,0
"02","010","999","0503",6,159,8.29999983e-01,0
"02","010","999","0511",3,2419,1.25500002e+01,0
"02","010","999","0518",1,7920,4.10999985e+01,0
"02","010","999","0546",4,1522,7.90000010e+00,0
"02","010","999","0567",8,60,3.10000002e-01,0
"02","010","999","0574",2,4525,2.34799995e+01,0
"02","010","999","0810",9,51,2.59999990e-01,0
"02","010","999","0813",5,1270,6.59000015e+00,0
"02","010","999","0814",12,23,1.19999997e-01,0
"02","011","999","0008",13,228,1.19999997e-01,0
"02","011","999","0268",14,8,0.00000000e+00,0
"02","011","999","0298",12,298,1.59999996e-01,0
"02","011","999","0301",9,557,3.10000002e-01,0
"02","011","999","0503",5,7300,4.00000000e+00,0
"02","011","999","0511",3,26972,1.47799997e+01,0
"02","011","999","0518",2,47621,2.61000004e+01,0
"02","011","999","0527",11,406,2.19999999e-01,0
"02","011","999","0546",4,7667,4.19999981e+00,0
"02","011","999","0567",6,1839,1.00999999e+00,0
"02","011","999","0574",1,74824,4.10099983e+01,0
"02","011","999","0810",10,438,2.39999995e-01,0
"02","011","999","0813",7,1131,6.20000005e-01,0
"02","011","999","0814",8,948,5.19999981e-01,0
"02","012","999","0008",8,335,5.79999983e-01,0
"02","012","999","0268",14,4,9.99999978e-03,0
"02","012","999","0298",13,140,2.39999995e-01,0
"02","012","999","0301",10,226,3.89999986e-01,0
"02","012","999","0503",5,2592,4.46000004e+00,0
"02","012","999","0511",3,8897,1.53000002e+01,0
"02","012","999","0518",2,18055,3.10400009e+01,0
"02","012","999","0527",11,219,3.79999995e-01,0
"02","012","999","0546",4,4134,7.11000013e+00,0
"02","012","999","0567",6,876,1.50999999e+00,0
"02","012","999","0574",1,18270,3.14099998e+01,0
"02","012","999","0810",12,172,3.00000012e-01,0
"02","012","999","0813",7,592,1.01999998e+00,0
"02","012","999","0814",9,265,4.60000008e-01,0
"02","015","999","0008",13,2,9.99999978e-03,0
"02","015","999","0268",14,0,0.00000000e+00,0
"02","015","999","0298",9,43,2.50000000e-01,0
"02","015","999","0301",8,63,3.60000014e-01,0
"02","015","999","0503",5,381,2.17000008e+00,0
"02","015","999","0511",3,2001,1.13999996e+01,0
"02","015","999","0518",1,6514,3.71300011e+01,0
"02","015","999","0527",12,17,1.00000001e-01,0
"02","015","999","0546",4,499,2.83999991e+00,0
"02","015","999","0567",6,101,5.79999983e-01,0
"02","015","999","0574",2,5439,3.10000000e+01,0
"02","015","999","0810",7,87,5.00000000e-01,0
"02","015","999","0813",10,43,2.50000000e-01,0
"02","015","999","0814",11,39,2.19999999e-01,0
"02","017","999","0008",13,42,1.40000001e-01,0
"02","017","999","0268",14,1,0.00000000e+00,0
"02","017","999","0298",9,109,3.70000005e-01,0
"02","017","999","0301",12,84,2.89999992e-01,0
"02","017","999","0503",5,1121,3.82999992e+00,0
"02","017","999","0511",3,3694,1.26300001e+01,0
"02","017","999","0518",2,10072,3.44300003e+01,0
"02","017","999","0527",10,104,3.60000014e-01,0
"02","017","999","0546",4,1280,4.38000011e+00,0
"02","017","999","0567",6,198,6.80000007e-01,0
"02","017","999","0574",1,10487,3.58499985e+01,0
"02","017","999","0810",11,92,3.10000002e-01,0
"02","017","999","0813",8,178,6.10000014e-01,0
"02","017","999","0814",7,184,6.29999995e-01,0
"02","018","999","0008",12,8,9.00000036e-02,0
"02","018","999","0298",10,14,1.59999996e-01,0
"02","018","999","0301",11,12,1.40000001e-01,0
"02","018","999","0503",7,99,1.15999997e+00,0
"02","018","999","0511",3,1254,1.46499996e+01,0
"02","018","999","0518",1,3346,3.90900002e+01,0
"02","018","999","0546",5,325,3.79999995e+00,0
"02","018","999","0567",9,36,4.19999987e-01,0
"02","018","999","0574",2,1940,2.26700001e+01,0
"02","018","999","0810",8,38,4.39999998e-01,0
"02","018","999","0813",4,840,9.81000042e+00,0
"02","018","999","0814",6,138,1.61000001e+00,0
"02","021","999","0008",12,1,9.99999978e-03,0
"02","021","999","0298",5,86,9.39999998e-01,0
"02","021","999","0301",10,21,2.30000004e-01,0
"02","021","999","0503",6,58,6.29999995e-01,0
"02","021","999","0511",3,1129,1.22900000e+01,0
"02","021","999","0518",1,3985,4.33800011e+01,0
"02","021","999","0546",4,389,4.23000002e+00,0
"02","021","999","0567",7,41,4.49999988e-01,0
"02","021","999","0574",2,2073,2.25699997e+01,0
"02","021","999","0810",8,33,3.60000014e-01,0
"02","021","999","0813",9,27,2.89999992e-01,0
"02","021","999","0814",11,19,2.09999993e-01,0
"02","022","999","0008",12,20,1.09999999e-01,0
"02","022","999","0298",11,34,1.89999998e-01,0
"02","022","999","0301",8,99,5.50000012e-01,0
"02","022","999","0503",5,211,1.17999995e+00,0
"02","022","999","0511",3,2853,1.59700003e+01,0
"02","022","999","0518",1,6348,3.55400009e+01,0
"02","022","999","0546",4,566,3.17000008e+00,0
"02","022","999","0567",7,107,6.00000024e-01,0
"02","022","999","0574",2,6237,3.49199982e+01,0
"02","022","999","0810",10,62,3.49999994e-01,0
"02","022","999","0813",6,155,8.70000005e-01,0
"02","022","999","0814",9,87,4.90000010e-01,0
"02","024","999","0008",7,169,1.07000005e+00,0
"02","024","999","0298",12,12,7.99999982e-02,0
"02","024","999","0301",8,101,6.39999986e-01,0
"02","024","999","0503",5,287,1.82000005e+00,0
"02","024","999","0511",3,1709,1.08400002e+01,0
"02","024","999","0518",1,5204,3.30099983e+01,0
"02","024","999","0546",4,1276,8.09000015e+00,0
"02","024","999","0567",9,47,3.00000012e-01,0
"02","024","999","0574",2,4983,3.16100006e+01,0
"02","024","999","0810",10,43,2.70000011e-01,0
"02","024","999","0813",6,199,1.25999999e+00,0
"02","024","999","0814",11,16,1.00000001e-01,0
"02","025","999","0008",10,9,9.00000036e-02,0
"02","025","999","0298",9,26,2.50000000e-01,0
"02","025","999","0301",7,45,4.39999998e-01,0
"02","025","999","0503",6,144,1.40999997e+00,0
"02","025","999","0511",3,1384,1.35699997e+01,0
"02","025","999","0518",1,4387,4.30000000e+01,0
"02","025","999","0546",4,662,6.48999977e+00,0
"02","025","999","0567",8,40,3.89999986e-01,0
"02","025","999","0574",2,2338,2.29200001e+01,0
"02","025","999","0810",12,0,0.00000000e+00,0
"02","025","999","0813",11,0,0.00000000e+00,0
"02","025","999","0814",5,154,1.50999999e+00,0
"02","026","999","0008",12,10,7.00000003e-02,0
"02","026","999","0298",10,27,1.80000007e-01,0
"02","026","999","0301",8,43,2.89999992e-01,0
"02","026","999","0503",4,465,3.16000009e+00,0
"02","026","999","0511",3,1288,8.73999977e+00,0
"02","026","999","0518",1,6777,4.60000000e+01,0
"02","026","999","0546",5,437,2.97000003e+00,0
"02","026","999","0567",7,45,3.10000002e-01,0
"02","026","999","0574",2,3766,2.55599995e+01,0
"02","026","999","0810",11,24,1.59999996e-01,0
"02","026","999","0813",6,91,6.20000005e-01,0
"02","026","999","0814",9,38,2.59999990e-01,0
"02","027","999","0008",8,194,5.60000002e-01,0
"02","027","999","0298",11,148,4.30000007e-01,0
"02","027","999","0301",12,128,3.70000005e-01,0
"02","027","999","0503",5,784,2.25999999e+00,0
"02","027","999","0511",2,5725,1.65100002e+01,0
"02","027","999","0518",1,17353,5.00499992e+01,0
"02","027","999","0546",4,1504,4.34000015e+00,0
"02","027","999","0567",6,246,7.09999979e-01,0
"02","027","999","0574",3,4698,1.35500002e+01,0
"02","027","999","0810",10,177,5.09999990e-01,0
"02","027","999","0813",7,224,6.49999976e-01,0
"02","027","999","0814",9,180,5.19999981e-01,0
"02","028","999","0008",10,32,1.29999995e-01,0
"02","028","999","0298",8,71,2.80000001e-01,0
"02","028","999","0301",9,41,1.59999996e-01,0
"02","028","999","0503",5,715,2.84999990e+00,0
"02","028","999","0511",3,3971,1.58400002e+01,0
"02","028","999","0518",1,9240,3.68699989e+01,0
"02","028","999","0546",4,1074,4.28999996e+00,0
"02","028","999","0567",7,125,5.00000000e-01,0
"02","028","999","0574",2,4078,1.62700005e+01,0
"02","028","999","0810",11,5,1.99999996e-02,0
"02","028","999","0813",12,1,0.00000000e+00,0
"02","028","999","0814",6,127,5.09999990e-01,0
"02","032","999","0008",10,9,7.99999982e-02,0
"02","032","999","0298",8,21,1.89999998e-01,0
"02","032","999","0301",6,35,3.19999993e-01,0
"02","032","999","0503",5,83,7.59999990e-01,0
"02","032","999","0511",3,1215,1.11800003e+01,0
"02","032","999","0518",1,4827,4.44000015e+01,0
"02","032","999","0546",4,238,2.19000006e+00,0
"02","032","999","0567",7,31,2.89999992e-01,0
"02","032","999","0574",2,3350,3.08099995e+01,0
"02","032","999","0810",12,0,0.00000000e+00,0
"02","032","999","0813",11,0,0.00000000e+00,0
"02","032","999","0814",9,14,1.29999995e-01,0
"02","034","999","0008",13,65,1.80000007e-01,0
"02","034","999","0268",14,3,9.99999978e-03,0
"02","034","999","0298",12,121,3.30000013e-01,0
"02","034","999","0301",8,252,6.89999998e-01,0
"02","034","999","0503",4,1837,5.01999998e+00,0
"02","034","999","0511",3,4759,1.30100002e+01,0
"02","034","999","0518",2,9761,2.66800003e+01,0
"02","034","999","0527",10,132,3.60000014e-01,0
"02","034","999","0546",5,1227,3.34999990e+00,0
"02","034","999","0567",6,524,1.42999995e+00,0
"02","034","999","0574",1,14960,4.09000015e+01,0
"02","034","999","0810",9,158,4.30000007e-01,0
"02","034","999","0813",7,364,1.00000000e+00,0
"02","034","999","0814",11,132,3.60000014e-01,0
"02","036","999","0008",12,325,1.89999998e-01,0
"02","036","999","0268",14,62,3.99999991e-02,0
"02","036","999","0298",13,317,1.89999998e-01,0
"02","036","999","0301",11,346,2.09999993e-01,0
"02","036","999","0503",5,6448,3.84999990e+00,0
"02","036","999","0511",3,23667,1.41300001e+01,0
"02","036","999","0518",2,47477,2.83500004e+01,0
"02","036","999","0527",10,371,2.19999999e-01,0
"02","036","999","0546",4,8530,5.09000015e+00,0
"02","036","999","0567",6,1891,1.13000000e+00,0
"02","036","999","0574",1,63536,3.79399986e+01,0
"02","036","999","0810",9,499,3.00000012e-01,0
"02","036","999","0813",7,1037,6.20000005e-01,0
"02","036","999","0814",8,1034,6.20000005e-01,0
"02","037","999","0008",12,8,3.99999991e-02,0
"02","037","999","0298",8,72,3.60000014e-01,0
"02","037","999","0301",11,47,2.39999995e-01,0
"02","037","999","0503",5,373,1.87000000e+00,0
"02","037","999","0511",3,2866,1.43599997e+01,0
"02","037","999","0518",1,7640,3.82900009e+01,0
"02","037","999","0546",4,622,3.11999989e+00,0
"02","037","999","0567",6,128,6.39999986e-01,0
"02","037","999","0574",2,5206,2.60900002e+01,0
"02","037","999","0810",9,69,3.49999994e-01,0
"02","037","999","0813",10,68,3.40000004e-01,0
"02","037","999","0814",7,106,5.29999971e-01,0
"02","038","999","0008",12,531,2.50000000e-01,0
"02","038","999","0268",14,7,0.00000000e+00,0
"02","038","999","0298",11,661,3.10000002e-01,0
"02","038","999","0301",9,688,3.19999993e-01,0
"02","038","999","0503",5,7004,3.24000001e+00,0
"02","038","999","0511",3,25913,1.19899998e+01,0
"02","038","999","0518",2,50102,2.31900005e+01,0
"02","038","999","0527",13,413,1.89999998e-01,0
"02","038","999","0546",4,11830,5.48000002e+00,0
"02","038","999","0567",6,2377,1.10000002e+00,0
"02","038","999","0574",1,96035,4.44500008e+01,0
"02","038","999","0810",8,761,3.49999994e-01,0
"02","038","999","0813",7,987,4.60000008e-01,0
"02","038","999","0814",10,677,3.10000002e-01,0
"02","044","999","0008",10,3,3.99999991e-02,0
"02","044","999","0298",9,9,1.29999995e-01,0
"02","044","999","0301",7,21,3.00000012e-01,0
"02","044","999","0503",5,81,1.15999997e+00,0
"02","044","999","0511",3,835,1.19399996e+01,0
"02","044","999","0518",1,3098,4.43100014e+01,0
"02","044","999","0546",4,148,2.11999989e+00,0
"02","044","999","0567",6,24,3.40000004e-01,0
"02","044","999","0574",2,2161,3.09099998e+01,0
"02","044","999","0810",12,0,0.00000000e+00,0
"02","044","999","0813",11,0,0.00000000e+00,0
"02","044","999","0814",8,10,1.40000001e-01,0
"02","056","999","0008",11,8,1.09999999e-01,0
"02","056","999","0298",10,15,2.00000003e-01,0
"02","056","999","0301",8,20,2.59999990e-01,0
"02","056","999","0503",5,107,1.40999997e+00,0
"02","056","999","0511",3,1106,1.45299997e+01,0
"02","056","999","0518",1,2312,3.03799992e+01,0
"02","056","999","0546",4,184,2.42000008e+00,0
"02","056","999","0567",6,35,4.60000008e-01,0
"02","056","999","0574",2,2065,2.71299992e+01,0
"02","056","999","0810",7,30,3.89999986e-01,0
"02","056","999","0813",12,0,0.00000000e+00,0
"02","056","999","0814",9,18,2.39999995e-01,0
"02","057","999","0008",10,3,3.99999991e-02,0
"02","057","999","0298",11,2,2.99999993e-02,0
"02","057","999","0301",9,18,2.39999995e-01,0
"02","057","999","0503",5,66,8.79999995e-01,0
"02","057","999","0511",3,931,1.24499998e+01,0
"02","057","999","0518",1,3257,4.35699997e+01,0
"02","057","999","0546",4,159,2.13000011e+00,0
"02","057","999","0567",6,22,2.89999992e-01,0
"02","057","999","0574",2,2157,2.88500004e+01,0
"02","057","999","0810",12,1,9.99999978e-03,0
"02","057","999","0813",8,19,2.50000000e-01,0
"02","057","999","0814",7,22,2.89999992e-01,0
"02","059","999","0008",12,11,9.00000036e-02,0
"02","059","999","0298",10,27,2.19999999e-01,0
"02","059","999","0301",11,20,1.59999996e-01,0
"02","059","999","0503",5,226,1.84000003e+00,0
"02","059","999","0511",3,1332,1.08500004e+01,0
"02","059","999","0518",2,4019,3.27299995e+01,0
"02","059","999","0546",6,203,1.64999998e+00,0
"02","059","999","0567",7,88,7.20000029e-01,0
"02","059","999","0574",1,4102,3.34000015e+01,0
"02","059","999","0810",9,35,2.80000001e-01,0
"02","059","999","0813",4,342,2.77999997e+00,0
"02","059","999","0814",8,64,5.19999981e-01,0
"02","061","999","0008",13,1058,1.40000001e-01,0
"02","061","999","0268",14,24,0.00000000e+00,0
"02","061","999","0298",12,1360,1.80000007e-01,0
"02","061","999","0301",11,2092,2.80000001e-01,0
"02","061","999","0503",5,28550,3.86999989e+00,0
"02","061","999","0511",3,93672,1.26999998e+01,0
"02","061","999","0518",2,177706,2.41000004e+01,0
"02","061","999","0527",9,2643,3.60000014e-01,0
"02","061","999","0546",4,39025,5.28999996e+00,0
"02","061","999","0567",6,8461,1.14999998e+00,0
"02","061","999","0574",1,332935,4.51500015e+01,0
"02","061","999","0810",10,2308,3.10000002e-01,0
"02","061","999","0813",7,5201,7.09999979e-01,0
"02","061","999","0814",8,3345,4.49999988e-01,0
"02","062","999","0008",10,697,2.50000000e-01,0
"02","062","999","0268",14,10,0.00000000e+00,0
"02","062","999","0298",12,456,1.59999996e-01,0
"02","062","999","0301",9,1216,4.30000007e-01,0
"02","062","999","0503",5,11354,4.00000000e+00,0
"02","062","999","0511",3,39332,1.38599997e+01,0
"02","062","999","0518",1,99283,3.49799995e+01,0
"02","062","999","0527",13,401,1.40000001e-01,0
"02","062","999","0546",4,15334,5.40000010e+00,0
"02","062","999","0567",6,3689,1.29999995e+00,0
"02","062","999","0574",2,94333,3.32400017e+01,0
"02","062","999","0810",11,602,2.09999993e-01,0
"02","062","999","0813",7,1880,6.60000026e-01,0
"02","062","999","0814",8,1415,5.00000000e-01,0
"02","063","999","0008",10,3755,9.59999979e-01,0
"02","063","999","0298",13,1106,2.80000001e-01,0
"02","063","999","0301",7,6322,1.62000000e+00,0
"02","063","999","0503",5,18949,4.84999990e+00,0
"02","063","999","0511",3,46919,1.20100002e+01,0
"02","063","999","0518",1,154660,3.95999985e+01,0
"02","063","999","0527",14,862,2.19999999e-01,0
"02","063","999","0546",4,26512,6.78999996e+00,0
"02","063","999","0567",6,6344,1.62000000e+00,0
"02","063","999","0574",2,94812,2.42800007e+01,0
"02","063","999","0809",8,5416,1.38999999e+00,0
"02","063","999","0810",11,2359,6.00000024e-01,0
"02","063","999","0813",9,4124,1.05999994e+00,0
"02","063","999","0814",12,1848,4.69999999e-01,0
"02","064","999","0008",10,5,7.00000003e-02,0
"02","064","999","0298",7,14,2.00000003e-01,0
"02","064","999","0301",8,10,1.50000006e-01,0
"02","064","999","0503",4,250,3.63000011e+00,0
"02","064","999","0511",3,532,7.71999979e+00,0
"02","064","999","0518",2,2570,3.73199997e+01,0
"02","064","999","0546",5,187,2.72000003e+00,0
"02","064","999","0567",6,17,2.50000000e-01,0
"02","064","999","0574",1,2832,4.11199989e+01,0
"02","064","999","0810",12,0,0.00000000e+00,0
"02","064","999","0813",11,0,0.00000000e+00,0
"02","064","999","0814",9,10,1.50000006e-01,0
"02","069","999","0008",12,33,1.40000001e-01,0
"02","069","999","0268",14,0,0.00000000e+00,0
"02","069","999","0298",10,51,2.09999993e-01,0
"02","069","999","0301",8,65,2.70000011e-01,0
"02","069","999","0503",5,753,3.14000010e+00,0
"02","069","999","0511",3,2594,1.08100004e+01,0
"02","069","999","0518",1,11289,4.70400009e+01,0
"02","069","999","0527",13,21,9.00000036e-02,0
"02","069","999","0546",4,1632,6.80000019e+00,0
"02","069","999","0567",7,86,3.60000014e-01,0
"02","069","999","0574",2,5899,2.45799999e+01,0
"02","069","999","0810",11,50,2.09999993e-01,0
"02","069","999","0813",6,97,4.00000006e-01,0
"02","069","999","0814",9,60,2.50000000e-01,0
"02","070","999","0008",12,569,1.59999996e-01,0
"02","070","999","0268",14,15,0.00000000e+00,0
"02","070","999","0298",13,505,1.40000001e-01,0
"02","070","999","0301",9,1230,3.49999994e-01,0
"02","070","999","0503",5,14188,4.05000019e+00,0
"02","070","999","0511",3,46009,1.31400003e+01,0
"02","070","999","0518",2,103976,2.96900005e+01,0
"02","070","999","0527",11,740,2.09999993e-01,0
"02","070","999","0546",4,16405,4.67999983e+00,0
"02","070","999","0567",6,4377,1.25000000e+00,0
"02","070","999","0574",1,133169,3.80299988e+01,0
"02","070","999","0810",10,984,2.80000001e-01,0
"02","070","999","0813",8,1893,5.40000021e-01,0
"02","070","999","0814",7,2303,6.60000026e-01,0
"02","072","999","0008",13,18,1.59999996e-01,0
"02","072","999","0268",14,3,2.99999993e-02,0
"02","072","999","0298",12,21,1.89999998e-01,0
"02","072","999","0301",9,41,3.60000014e-01,0
"02","072","999","0503",5,211,1.87000000e+00,0
"02","072","999","0511",3,1866,1.65499992e+01,0
"02","072","999","0518",1,4667,4.14000015e+01,0
"02","072","999","0527",6,61,5.40000021e-01,0
"02","072","999","0546",4,589,5.21999979e+00,0
"02","072","999","0567",7,54,4.79999989e-01,0
"02","072","999","0574",2,2725,2.41700001e+01,0
"02","072","999","0810",10,39,3.49999994e-01,0
"02","072","999","0813",8,43,3.79999995e-01,0
"02","072","999","0814",11,25,2.19999999e-01,0
"02","086","999","0008",10,2,5.00000007e-02,0
"02","086","999","0298",9,4,1.09999999e-01,0
"02","086","999","0301",8,11,2.89999992e-01,0
"02","086","999","0503",5,25,6.60000026e-01,0
"02","086","999","0511",2,738,1.94099998e+01,0
"02","086","999","0518",1,1966,5.17000008e+01,0
"02","086","999","0546",4,176,4.63000011e+00,0
"02","086","999","0567",6,15,3.89999986e-01,0
"02","086","999","0574",3,474,1.24600000e+01,0
"02","086","999","0810",12,0,0.00000000e+00,0
"02","086","999","0813",11,0,0.00000000e+00,0
"02","086","999","0814",7,12,3.19999993e-01,0
"02","087","999","0008",9,211,3.49999994e-01,0
"02","087","999","0298",12,105,1.70000002e-01,0
"02","087","999","0301",10,188,3.10000002e-01,0
"02","087","999","0503",5,1367,2.25999999e+00,0
"02","087","999","0511",3,6801,1.12200003e+01,0
"02","087","999","0518",1,29091,4.80000000e+01,0
"02","087","999","0546",4,4378,7.21999979e+00,0
"02","087","999","0567",6,518,8.50000024e-01,0
"02","087","999","0574",2,12881,2.12600002e+01,0
"02","087","999","0810",11,145,2.39999995e-01,0
"02","087","999","0813",7,490,8.10000002e-01,0
"02","087","999","0814",8,403,6.60000026e-01,0
"02","091","999","0008",11,18,1.80000007e-01,0
"02","091","999","0298",10,30,3.00000012e-01,0
"02","091","999","0301",8,54,5.29999971e-01,0
"02","091","999","0503",5,415,4.11000013e+00,0
"02","091","999","0511",3,1157,1.14600000e+01,0
"02","091","999","0518",1,5719,5.66500015e+01,0
"02","091","999","0546",4,496,4.90999985e+00,0
"02","091","999","0567",7,93,9.20000017e-01,0
"02","091","999","0574",2,1350,1.33699999e+01,0
"02","091","999","0810",12,0,0.00000000e+00,0
"02","091","999","0813",6,110,1.09000003e+00,0
"02","091","999","0814",9,37,3.70000005e-01,0
"02","092","999","0008",13,632,1.89999998e-01,0
"02","092","999","0268",14,17,9.99999978e-03,0
"02","092","999","0298",12,708,2.09999993e-01,0
"02","092","999","0301",11,735,2.19999999e-01,0
"02","092","999","0503",5,13272,4.01999998e+00,0
"02","092","999","0511",3,42660,1.29099998e+01,0
"02","092","999","0518",2,109124,3.30299988e+01,0
"02","092","999","0527",10,795,2.39999995e-01,0
"02","092","999","0546",4,18739,5.67000008e+00,0
"02","092","999","0567",6,4253,1.28999996e+00,0
"02","092","999","0574",1,115981,3.51100006e+01,0
"02","092","999","0810",9,1352,4.09999996e-01,0
"02","092","999","0813",7,2430,7.40000010e-01,0
"02","092","999","0814",8,1872,5.69999993e-01,0
"02","093","999","0008",9,57,2.70000011e-01,0
"02","093","999","0298",10,55,2.59999990e-01,0
"02","093","999","0301",12,48,2.19999999e-01,0
"02","093","999","0503",5,447,2.08999991e+00,0
"02","093","999","0511",3,4975,2.32900009e+01,0
"02","093","999","0518",1,7450,3.48699989e+01,0
"02","093","999","0546",4,593,2.77999997e+00,0
"02","093","999","0567",6,158,7.40000010e-01,0
"02","093","999","0574",2,5132,2.40200005e+01,0
"02","093","999","0810",7,108,5.09999990e-01,0
"02","093","999","0813",8,66,3.10000002e-01,0
"02","093","999","0814",11,53,2.50000000e-01,0
"02","096","999","0008",10,31,2.09999993e-01,0
"02","096","999","0298",12,15,1.00000001e-01,0
"02","096","999","0301",11,31,2.09999993e-01,0
"02","096","999","0503",6,180,1.20000005e+00,0
"02","096","999","0511",3,2788,1.86399994e+01,0
"02","096","999","0518",1,6665,4.45699997e+01,0
"02","096","999","0546",4,556,3.72000003e+00,0
"02","096","999","0567",8,59,3.89999986e-01,0
"02","096","999","0574",2,3281,2.19400005e+01,0
"02","096","999","0810",7,65,4.30000007e-01,0
"02","096","999","0813",5,187,1.25000000e+00,0
"02","096","999","0814",9,44,2.89999992e-01,0
"02","098","999","0008",11,5,3.99999991e-02,0
"02","098","999","0298",10,23,1.80000007e-01,0
"02","098","999","0301",9,24,1.80000007e-01,0
"02","098","999","0503",5,245,1.88000000e+00,0
"02","098","999","0511",3,1955,1.50299997e+01,0
"02","098","999","0518",1,6247,4.80299988e+01,0
"02","098","999","0546",4,490,3.76999998e+00,0
"02","098","999","0567",8,50,3.79999995e-01,0
"02","098","999","0574",2,3048,2.34400005e+01,0
"02","098","999","0810",12,0,0.00000000e+00,0
"02","098","999","0813",7,97,7.50000000e-01,0
"02","098","999","0814",6,156,1.20000005e+00,0
"02","100","999","0008",10,3,5.00000007e-02,0
"02","100","999","0298",9,7,1.19999997e-01,0
"02","100","999","0301",8,9,1.50000006e-01,0
"02","100","999","0503",5,32,5.50000012e-01,0
"02","100","999","0511",3,440,7.53999996e+00,0
"02","100","999","0518",1,2814,4.82400017e+01,0
"02","100","999","0546",4,187,3.21000004e+00,0
"02","100","999","0567",6,14,2.39999995e-01,0
"02","100","999","0574",2,1286,2.20499992e+01,0
"02","100","999","0810",12,0,0.00000000e+00,0
"02","100","999","0813",11,0,0.00000000e+00,0
"02","100","999","0814",7,12,2.09999993e-01,0
"02","101","999","0008",9,46,2.19999999e-01,0
"02","101","999","0298",8,55,2.70000011e-01,0
"02","101","999","0301",10,41,2.00000003e-01,0
"02","101","999","0503",5,536,2.59999990e+00,0
"02","101","999","0511",3,3298,1.60200005e+01,0
"02","101","999","0518",1,7514,3.65099983e+01,0
"02","101","999","0546",4,1960,9.52000046e+00,0
"02","101","999","0567",6,75,3.60000014e-01,0
"02","101","999","0574",2,4754,2.31000004e+01,0
"02","101","999","0810",7,64,3.10000002e-01,0
"02","101","999","0813",11,40,1.89999998e-01,0
"02","101","999","0814",12,39,1.89999998e-01,0
"02","102","999","0008",8,64,4.30000007e-01,0
"02","102","999","0298",10,42,2.80000001e-01,0
"02","102","999","0301",5,568,3.82999992e+00,0
"02","102","999","0503",6,162,1.09000003e+00,0
"02","102","999","0511",3,2346,1.58199997e+01,0
"02","102","999","0518",1,5819,3.92299995e+01,0
"02","102","999","0546",4,651,4.38999987e+00,0
"02","102","999","0567",9,51,3.40000004e-01,0
"02","102","999","0574",2,3435,2.31599998e+01,0
"02","102","999","0810",7,82,5.50000012e-01,0
"02","102","999","0813",12,31,2.09999993e-01,0
"02","102","999","0814",11,41,2.80000001e-01,0
"02","103","999","0008",12,10,7.00000003e-02,0
"02","103","999","0298",10,30,2.09999993e-01,0
"02","103","999","0301",11,20,1.40000001e-01,0
"02","103","999","0503",5,568,4.00000000e+00,0
"02","103","999","0511",3,1710,1.20600004e+01,0
"02","103","999","0518",1,6528,4.60200005e+01,0
"02","103","999","0546",4,668,4.71000004e+00,0
"02","103","999","0567",6,70,4.90000010e-01,0
"02","103","999","0574",2,3799,2.67800007e+01,0
"02","103","999","0810",7,50,3.49999994e-01,0
"02","103","999","0813",9,35,2.50000000e-01,0
"02","103","999","0814",8,39,2.70000011e-01,0
"02","107","999","0008",10,417,4.60000008e-01,0
"02","107","999","0298",11,342,3.79999995e-01,0
"02","107","999","0301",12,169,1.89999998e-01,0
"02","107","999","0503",5,2166,2.38000011e+00,0
"02","107","999","0511",3,14065,1.54600000e+01,0
"02","107","999","0518",1,32712,3.59399986e+01,0
"02","107","999","0546",4,5462,6.00000000e+00,0
"02","107","999","0567",7,647,7.09999979e-01,0
"02","107","999","0574",2,25864,2.84200001e+01,0
"02","107","999","0810",8,646,7.09999979e-01,0
"02","107","999","0813",6,1248,1.37000000e+00,0
"02","107","999","0814",9,460,5.09999990e-01,0
"02","108","999","0008",9,118,3.30000013e-01,0
"02","108","999","0298",12,71,2.00000003e-01,0
"02","108","999","0301",11,79,2.19999999e-01,0
"02","108","999","0503",5,647,1.78999996e+00,0
"02","108","999","0511",3,5450,1.50500002e+01,0
"02","108","999","0518",1,16483,4.55099983e+01,0
"02","108","999","0546",4,1949,5.38000011e+00,0
"02","108","999","0567",7,313,8.60000014e-01,0
"02","108","999","0574",2,7468,2.06200008e+01,0
"02","108","999","0810",8,140,3.89999986e-01,0
"02","108","999","0813",6,496,1.37000000e+00,0
"02","108","999","0814",10,100,2.80000001e-01,0
"02","109","999","0008",13,57,1.70000002e-01,0
"02","109","999","0268",11,119,3.49999994e-01,0
"02","109","999","0298",12,62,1.80000007e-01,0
"02","109","999","0301",6,408,1.19000006e+00,0
"02","109","999","0503",5,728,2.13000011e+00,0
"02","109","999","0511",3,6095,1.78500004e+01,0
"02","109","999","0518",2,9038,2.64699993e+01,0
"02","109","999","0527",14,52,1.50000006e-01,0
"02","109","999","0546",4,1958,5.73000002e+00,0
"02","109","999","0567",7,348,1.01999998e+00,0
"02","109","999","0574",1,10994,3.22000008e+01,0
"02","109","999","0810",9,273,8.00000012e-01,0
"02","109","999","0813",8,296,8.70000005e-01,0
"02","109","999","0814",10,170,5.00000000e-01,0
"02","114","999","0008",11,6,5.99999987e-02,0
"02","114","999","0298",10,17,1.80000007e-01,0
"02","114","999","0301",9,23,2.39999995e-01,0
"02","114","999","0503",5,285,3.00999999e+00,0
"02","114","999","0511",4,1014,1.06899996e+01,0
"02","114","999","0518",1,4275,4.50800018e+01,0
"02","114","999","0546",2,2014,2.12399998e+01,0
"02","114","999","0567",7,48,5.09999990e-01,0
"02","114","999","0574",3,1175,1.23900003e+01,0
"02","114","999","0810",12,0,0.00000000e+00,0
"02","114","999","0813",6,51,5.40000021e-01,0
"02","114","999","0814",8,45,4.69999999e-01,0
"02","117","999","0008",12,27,7.00000003e-02,0
"02","117","999","0298",8,104,2.80000001e-01,0
"02","117","999","0301",11,78,2.09999993e-01,0
"02","117","999","0503",4,1110,3.02999997e+00,0
"02","117","999","0511",3,7268,1.98400002e+01,0
"02","117","999","0518",1,13349,3.64399986e+01,0
"02","117","999","0546",5,1052,2.86999989e+00,0
"02","117","999","0567",6,147,4.00000006e-01,0
"02","117","999","0574",2,9057,2.47199993e+01,0
"02","117","999","0810",7,133,3.60000014e-01,0
"02","117","999","0813",10,92,2.50000000e-01,0
"02","117","999","0814",9,96,2.59999990e-01,0
"02","120","999","0008",11,2,3.99999991e-02,0
"02","120","999","0298",10,6,1.09999999e-01,0
"02","120","999","0301",9,8,1.40000001e-01,0
"02","120","999","0503",5,74,1.34000003e+00,0
"02","120","999","0511",4,253,4.57999992e+00,0
"02","120","999","0518",2,1733,3.13799992e+01,0
"02","120","999","0546",1,2435,4.40900002e+01,0
"02","120","999","0567",6,17,3.10000002e-01,0
"02","120","999","0574",3,676,1.22399998e+01,0
"02","120","999","0810",12,0,0.00000000e+00,0
"02","120","999","0813",7,12,2.19999999e-01,0
"02","120","999","0814",8,11,2.00000003e-01,0
"02","124","999","0008",10,21,1.19999997e-01,0
"02","124","999","0298",12,0,0.00000000e+00,0
"02","124","999","0301",7,89,5.00000000e-01,0
"02","124","999","0503",5,283,1.60000002e+00,0
"02","124","999","0511",3,2560,1.44399996e+01,0
"02","124","999","0518",1,6052,3.41300011e+01,0
"02","124","999","0546",4,1536,8.65999985e+00,0
"02","124","999","0567",8,87,4.90000010e-01,0
"02","124","999","0574",2,3164,1.78400002e+01,0
"02","124","999","0810",11,14,7.99999982e-02,0
"02","124","999","0813",6,156,8.79999995e-01,0
"02","124","999","0814",9,65,3.70000005e-01,0
"02","125","999","0008",12,154,2.19999999e-01,0
"02","125","999","0298",11,255,3.60000014e-01,0
"02","125","999","0301",10,293,4.19999987e-01,0
"02","125","999","0503",5,1963,2.77999997e+00,0
"02","125","999","0511",3,10562,1.49799995e+01,0
"02","125","999","0518",2,22195,3.14799995e+01,0
"02","125","999","0546",4,2365,3.34999990e+00,0
"02","125","999","0567",7,636,8.99999976e-01,0
"02","125","999","0574",1,25716,3.64700012e+01,0
"02","125","999","0810",9,374,5.29999971e-01,0
"02","125","999","0813",6,659,9.30000007e-01,0
"02","125","999","0814",8,444,6.29999995e-01,0
"02","126","999","0008",9,7,1.50000006e-01,0
"02","126","999","0298",10,6,1.29999995e-01,0
"02","126","999","0301",7,11,2.39999995e-01,0
"02","126","999","0503",5,49,1.04999995e+00,0
"02","126","999","0511",3,477,1.01999998e+01,0
"02","126","999","0518",2,1694,3.62200012e+01,0
"02","126","999","0546",4,74,1.58000004e+00,0
"02","126","999","0567",6,16,3.40000004e-01,0
"02","126","999","0574",1,1860,3.97700005e+01,0
"02","126","999","0810",12,0,0.00000000e+00,0
"02","126","999","0813",11,5,1.09999999e-01,0
"02","126","999","0814",8,8,1.70000002e-01,0
"02","128","999","0008",13,93,2.00000003e-01,0
"02","128","999","0268",14,2,0.00000000e+00,0
"02","128","999","0298",10,245,5.29999971e-01,0
"02","128","999","0301",8,326,6.99999988e-01,0
"02","128","999","0503",5,1626,3.50999999e+00,0
"02","128","999","0511",2,9733,2.10300007e+01,0
"02","128","999","0518",3,8134,1.75699997e+01,0
"02","128","999","0527",12,126,2.70000011e-01,0
"02","128","999","0546",4,2898,6.26000023e+00,0
"02","128","999","0567",6,399,8.60000014e-01,0
"02","128","999","0574",1,16977,3.66800003e+01,0
"02","128","999","0810",11,155,3.30000013e-01,0
"02","128","999","0813",7,398,8.60000014e-01,0
"02","128","999","0814",9,294,6.39999986e-01,0
"02","131","999","0008",13,7,1.00000001e-01,0
"02","131","999","0268",14,1,9.99999978e-03,0
"02","131","999","0298",10,15,2.09999993e-01,0
"02","131","999","0301",8,23,3.30000013e-01,0
"02","131","999","0503",5,159,2.25999999e+00,0
"02","131","999","0511",3,497,7.05000019e+00,0
"02","131","999","0518",1,3272,4.64199982e+01,0
"02","131","999","0527",12,9,1.29999995e-01,0
"02","131","999","0546",4,172,2.44000006e+00,0
"02","131","999","0567",6,63,8.89999986e-01,0
"02","131","999","0574",2,2350,3.33400002e+01,0
"02","131","999","0810",7,39,5.50000012e-01,0
"02","131","999","0813",9,20,2.80000001e-01,0
"02","131","999","0814",11,15,2.09999993e-01,0
"02","132","999","0008",11,243,2.70000011e-01,0
"02","132","999","0268",13,198,2.19999999e-01,0
"02","132","999","0298",12,238,2.70000011e-01,0
"02","132","999","0301",14,174,2.00000003e-01,0
"02","132","999","0503",5,3429,3.85999990e+00,0
"02","132","999","0511",3,13659,1.53699999e+01,0
"02","132","999","0518",2,22217,2.50000000e+01,0
"02","132","999","0527",10,423,4.79999989e-01,0
"02","132","999","0546",4,4707,5.30000019e+00,0
"02","132","999","0567",6,894,1.00999999e+00,0
"02","132","999","0574",1,34618,3.89500008e+01,0
"02","132","999","0810",7,593,6.70000017e-01,0
"02","132","999","0813",9,489,5.50000012e-01,0
"02","132","999","0814",8,564,6.29999995e-01,0
"02","992","999","0008",11,1465,3.30000013e-01,0
"02","992","999","0298",12,1213,2.80000001e-01,0
"02","992","999","0301",10,1695,3.89999986e-01,0
"02","992","999","0503",5,9730,2.22000003e+00,0
"02","992","999","0511",3,64895,1.48199997e+01,0
"02","992","999","0518",1,169723,3.87500000e+01,0
"02","992","999","0546",4,23904,5.46000004e+00,0
"02","992","999","0567",7,2915,6.70000017e-01,0
"02","992","999","0574",2,116725,2.66499996e+01,0
"02","992","999","0810",8,1961,4.49999988e-01,0
"02","992","999","0813",6,5960,1.36000001e+00,0
"02","992","999","0814",9,1960,4.49999988e-01,0
"02","993","999","0008",13,5777,1.80000007e-01,0
"02","993","999","0268",14,550,1.99999996e-02,0
"02","993","999","0298",12,6127,1.89999998e-01,0
"02","993","999","0301",9,10188,3.19999993e-01,0
"02","993","999","0503",5,123078,3.91000009e+00,0
"02","993","999","0511",3,428727,1.36199999e+01,0
"02","993","999","0518",2,888829,2.82299995e+01,0
"02","993","999","0527",11,7631,2.39999995e-01,0
"02","993","999","0546",4,164928,5.23999977e+00,0
"02","993","999","0567",6,36799,1.16999996e+00,0
"02","993","999","0574",1,1238297,3.93300018e+01,0
"02","993","999","0810",10,10121,3.19999993e-01,0
"02","993","999","0813",7,21019,6.70000017e-01,0
"02","993","999","0814",8,16019,5.09999990e-01,0
"02","996","999","0008",11,1045,2.30000004e-01,0
"02","996","999","0298",12,983,2.19999999e-01,0
"02","996","999","0301",9,1991,4.39999998e-01,0
"02","996","999","0503",5,13816,3.07999992e+00,0
"02","996","999","0511",3,58363,1.30299997e+01,0
"02","996","999","0518",1,193606,4.32099991e+01,0
"02","996","999","0546",4,29861,6.65999985e+00,0
"02","996","999","0567",6,3074,6.89999998e-01,0
"02","996","999","0574",2,96621,2.15699997e+01,0
"02","996","999","0810",10,1210,2.70000011e-01,0
"02","996","999","0813",7,2377,5.29999971e-01,0
"02","996","999","0814",8,1999,4.49999988e-01,0
"02","998","999","0008",10,3755,9.59999979e-01,0
"02","998","999","0298",13,1106,2.80000001e-01,0
"02","998","999","0301",7,6322,1.62000000e+00,0
"02","998","999","0503",5,18949,4.84999990e+00,0
"02","998","999","0511",3,46919,1.20100002e+01,0
"02","998","999","0518",1,154660,3.95999985e+01,0
"02","998","999","0527",14,862,2.19999999e-01,0
"02","998","999","0546",4,26512,6.78999996e+00,0
"02","998","999","0567",6,6344,1.62000000e+00,0
"02","998","999","0574",2,94812,2.42800007e+01,0
"02","998","999","0809",8,5416,1.38999999e+00,0
"02","998","999","0810",11,2359,6.00000024e-01,0
"02","998","999","0813",9,4124,1.05999994e+00,0
"02","998","999","0814",12,1848,4.69999999e-01,0
"02","999","999","0008",11,12042,2.70000011e-01,0
"02","999","999","0268",15,550,9.99999978e-03,0
"02","999","999","0298",12,9429,2.09999993e-01,0
"02","999","999","0301",9,20196,4.60000008e-01,0
"02","999","999","0503",5,165573,3.74000001e+00,0
"02","999","999","0511",3,598904,1.35299997e+01,0
"02","999","999","0518",2,1406818,3.17900009e+01,0
"02","999","999","0527",13,8493,1.89999998e-01,0
"02","999","999","0546",4,245205,5.53999996e+00,0
"02","999","999","0567",6,49132,1.11000001e+00,0
"02","999","999","0574",1,1546455,3.49500008e+01,0
"02","999","999","0809",14,5416,1.19999997e-01,0
"02","999","999","0810",10,15651,3.49999994e-01,0
"02","999","999","0813",7,33480,7.59999990e-01,0
"02","999","999","0814",8,21826,4.90000010e-01,0
"03","001","035","0033",8,753,1.00999999e+00,0
"03","001","035","0194",3,3563,4.76000023e+00,0
"03","001","035","0215",7,1068,1.42999995e+00,0
"03","001","035","0216",6,1237,1.64999998e+00,0
"03","001","035","0542",2,28289,3.77999992e+01,0
"03","001","035","0544",4,3008,4.01999998e+00,0
"03","001","035","0547",1,32260,4.31100006e+01,0
"03","001","035","0807",5,1380,1.84000003e+00,0
"03","001","999","0033",8,753,1.00999999e+00,0
"03","001","999","0194",3,3563,4.76000023e+00,0
"03","001","999","0215",7,1068,1.42999995e+00,0
"03","001","999","0216",6,1237,1.64999998e+00,0
"03","001","999","0542",2,28289,3.77999992e+01,0
"03","001","999","0544",4,3008,4.01999998e+00,0
"03","001","999","0547",1,32260,4.31100006e+01,0
"03","001","999","0807",5,1380,1.84000003e+00,0
"03","002","006","0033",6,9,3.00000012e-01,0
"03","002","006","0194",5,17,5.69999993e-01,0
"03","002","006","0215",7,6,2.00000003e-01,0
"03","002","006","0216",3,59,1.99000001e+00,0
"03","002","006","0542",2,755,2.54899998e+01,0
"03","002","006","0544",4,47,1.59000003e+00,0
"03","002","006","0547",1,1989,6.71500015e+01,0
"03","002","006","0807",8,6,2.00000003e-01,0
"03","002","012","0033",8,11,2.09999993e-01,0
"03","002","012","0194",4,76,1.46000004e+00,0
"03","002","012","0215",7,20,3.79999995e-01,0
"03","002","012","0216",5,42,8.10000002e-01,0
"03","002","012","0542",2,1561,3.00300007e+01,0
"03","002","012","0544",3,85,1.63000000e+00,0
"03","002","012","0547",1,3011,5.79099998e+01,0
"03","002","012","0807",6,41,7.90000021e-01,0
"03","002","999","0033",8,20,2.50000000e-01,0
"03","002","999","0194",5,93,1.13999999e+00,0
"03","002","999","0215",7,26,3.19999993e-01,0
"03","002","999","0216",4,101,1.24000001e+00,0
"03","002","999","0542",2,2316,2.83799992e+01,0
"03","002","999","0544",3,132,1.62000000e+00,0
"03","002","999","0547",1,5000,6.12700005e+01,0
"03","002","999","0807",6,47,5.79999983e-01,0
"03","003","013","0033",8,21,5.40000021e-01,0
"03","003","013","0194",6,28,7.20000029e-01,0
"03","003","013","0215",7,23,5.89999974e-01,0
"03","003","013","0216",4,46,1.17999995e+00,0
"03","003","013","0542",2,1423,3.65999985e+01,0
"03","003","013","0544",3,63,1.62000000e+00,0
"03","003","013","0547",1,2149,5.52700005e+01,0
"03","003","013","0807",5,45,1.15999997e+00,0
"03","003","023","0033",8,50,6.00000024e-01,0
"03","003","023","0194",6,103,1.24000001e+00,0
"03","003","023","0215",7,76,9.10000026e-01,0
"03","003","023","0216",5,109,1.30999994e+00,0
"03","003","023","0542",2,3290,3.94500008e+01,0
"03","003","023","0544",3,231,2.76999998e+00,0
"03","003","023","0547",1,3664,4.39300003e+01,0
"03","003","023","0807",4,222,2.66000009e+00,0
"03","003","999","0033",8,71,5.79999983e-01,0
"03","003","999","0194",6,131,1.07000005e+00,0
"03","003","999","0215",7,99,8.10000002e-01,0
"03","003","999","0216",5,155,1.26999998e+00,0
"03","003","999","0542",2,4713,3.85400009e+01,0
"03","003","999","0544",3,294,2.40000010e+00,0
"03","003","999","0547",1,5813,4.75400009e+01,0
"03","003","999","0807",4,267,2.18000007e+00,0
"03","004","002","0033",7,2,1.29999995e-01,0
"03","004","002","0194",5,11,6.89999998e-01,0
"03","004","002","0215",8,0,0.00000000e+00,0
"03","004","002","0216",3,23,1.44000006e+00,0
"03","004","002","0542",2,598,3.74700012e+01,0
"03","004","002","0544",4,12,7.50000000e-01,0
"03","004","002","0547",1,782,4.90000000e+01,0
"03","004","002","0807",6,5,3.10000002e-01,0
"03","004","999","0033",7,2,1.29999995e-01,0
"03","004","999","0194",5,11,6.89999998e-01,0
"03","004","999","0215",8,0,0.00000000e+00,0
"03","004","999","0216",3,23,1.44000006e+00,0
"03","004","999","0542",2,598,3.74700012e+01,0
"03","004","999","0544",4,12,7.50000000e-01,0
"03","004","999","0547",1,782,4.90000000e+01,0
"03","004","999","0807",6,5,3.10000002e-01,0
"03","005","008","0033",7,8,5.50000012e-01,0
"03","005","008","0194",6,13,8.99999976e-01,0
"03","005","008","0215",8,5,3.40000004e-01,0
"03","005","008","0216",4,34,2.33999991e+00,0
"03","005","008","0542",2,426,2.93600006e+01,0
"03","005","008","0544",5,18,1.24000001e+00,0
"03","005","008","0547",1,783,5.39599991e+01,0
"03","005","008","0807",3,71,4.88999987e+00,0
"03","005","031","0033",5,10,1.02999997e+00,0
"03","005","031","0194",6,9,9.20000017e-01,0
"03","005","031","0215",8,2,2.09999993e-01,0
"03","005","031","0216",3,22,2.25999999e+00,0
"03","005","031","0542",1,578,5.93400002e+01,0
"03","005","031","0544",4,16,1.63999999e+00,0
"03","005","031","0547",2,303,3.11100006e+01,0
"03","005","031","0807",7,8,8.19999993e-01,0
"03","005","999","0033",7,18,7.40000010e-01,0
"03","005","999","0194",6,22,9.10000026e-01,0
"03","005","999","0215",8,7,2.89999992e-01,0
"03","005","999","0216",4,56,2.30999994e+00,0
"03","005","999","0542",2,1004,4.14000015e+01,0
"03","005","999","0544",5,34,1.39999998e+00,0
"03","005","999","0547",1,1086,4.47799988e+01,0
"03","005","999","0807",3,79,3.25999999e+00,0
"03","006","029","0033",6,12,5.79999983e-01,0
"03","006","029","0194",5,22,1.07000005e+00,0
"03","006","029","0215",4,60,2.92000008e+00,0
"03","006","029","0216",8,5,2.39999995e-01,0
"03","006","029","0542",2,326,1.58400002e+01,0
"03","006","029","0544",3,92,4.46999979e+00,0
"03","006","029","0547",1,1340,6.51100006e+01,0
"03","006","029","0807",7,11,5.29999971e-01,0
"03","006","037","0033",7,7,1.59999996e-01,0
"03","006","037","0194",6,27,6.20000005e-01,0
"03","006","037","0215",5,41,9.39999998e-01,0
"03","006","037","0216",4,68,1.54999995e+00,0
"03","006","037","0542",1,1670,3.80999985e+01,0
"03","006","037","0544",3,873,1.99200001e+01,0
"03","006","037","0547",2,1491,3.40200005e+01,0
"03","006","037","0807",8,7,1.59999996e-01,0
"03","006","999","0033",7,19,2.89999992e-01,0
"03","006","999","0194",6,49,7.59999990e-01,0
"03","006","999","0215",4,101,1.57000005e+00,0
"03","006","999","0216",5,73,1.13000000e+00,0
"03","006","999","0542",2,1996,3.09899998e+01,0
"03","006","999","0544",3,965,1.49799995e+01,0
"03","006","999","0547",1,2831,4.39500008e+01,0
"03","006","999","0807",8,18,2.80000001e-01,0
"03","007","018","0033",7,13,5.00000000e-01,0
"03","007","018","0194",6,23,8.79999995e-01,0
"03","007","018","0215",8,11,4.19999987e-01,0
"03","007","018","0216",5,40,1.52999997e+00,0
"03","007","018","0542",1,1171,4.47299995e+01,0
"03","007","018","0544",3,130,4.96999979e+00,0
"03","007","018","0547",2,1034,3.95000000e+01,0
"03","007","018","0807",4,43,1.63999999e+00,0
"03","007","999","0033",7,13,5.00000000e-01,0
"03","007","999","0194",6,23,8.79999995e-01,0
"03","007","999","0215",8,11,4.19999987e-01,0
"03","007","999","0216",5,40,1.52999997e+00,0
"03","007","999","0542",1,1171,4.47299995e+01,0
"03","007","999","0544",3,130,4.96999979e+00,0
"03","007","999","0547",2,1034,3.95000000e+01,0
"03","007","999","0807",4,43,1.63999999e+00,0
"03","008","033","0033",7,160,1.12000000e+00,0
"03","008","033","0194",4,480,3.35999990e+00,0
"03","008","033","0215",8,144,1.00999999e+00,0
"03","008","033","0216",5,370,2.58999991e+00,0
"03","008","033","0542",2,4437,3.10300007e+01,0
"03","008","033","0544",3,563,3.94000006e+00,0
"03","008","033","0547",1,7264,5.07999992e+01,0
"03","008","033","0807",6,217,1.51999998e+00,0
"03","008","999","0033",7,160,1.12000000e+00,0
"03","008","999","0194",4,480,3.35999990e+00,0
"03","008","999","0215",8,144,1.00999999e+00,0
"03","008","999","0216",5,370,2.58999991e+00,0
"03","008","999","0542",2,4437,3.10300007e+01,0
"03","008","999","0544",3,563,3.94000006e+00,0
"03","008","999","0547",1,7264,5.07999992e+01,0
"03","008","999","0807",6,217,1.51999998e+00,0
"03","009","010","0033",8,42,6.99999988e-01,0
"03","009","010","0194",6,119,1.99000001e+00,0
"03","009","010","0215",5,131,2.19000006e+00,0
"03","009","010","0216",4,165,2.75000000e+00,0
"03","009","010","0542",2,2391,3.99000015e+01,0
"03","009","010","0544",3,386,6.44000006e+00,0
"03","009","010","0547",1,2436,4.06500015e+01,0
"03","009","010","0807",7,47,7.79999971e-01,0
"03","009","999","0033",8,42,6.99999988e-01,0
"03","009","999","0194",6,119,1.99000001e+00,0
"03","009","999","0215",5,131,2.19000006e+00,0
"03","009","999","0216",4,165,2.75000000e+00,0
"03","009","999","0542",2,2391,3.99000015e+01,0
"03","009","999","0544",3,386,6.44000006e+00,0
"03","009","999","0547",1,2436,4.06500015e+01,0
"03","009","999","0807",7,47,7.79999971e-01,0
"03","010","014","0033",7,6,7.40000010e-01,0
"03","010","014","0194",3,23,2.82999992e+00,0
"03","010","014","0215",8,3,3.70000005e-01,0
"03","010","014","0216",5,8,9.90000010e-01,0
"03","010","014","0542",2,162,1.99500008e+01,0
"03","010","014","0544",4,19,2.33999991e+00,0
"03","010","014","0547",1,538,6.62600021e+01,0
"03","010","014","0807",6,8,9.90000010e-01,0
"03","010","015","0033",7,2,4.69999999e-01,0
"03","010","015","0194",4,6,1.39999998e+00,0
"03","010","015","0215",6,2,4.69999999e-01,0
"03","010","015","0216",5,3,6.99999988e-01,0
"03","010","015","0542",2,87,2.03299999e+01,0
"03","010","015","0544",3,11,2.56999993e+00,0
"03","010","015","0547",1,309,7.21999969e+01,0
"03","010","015","0807",8,2,4.69999999e-01,0
"03","010","017","0033",8,9,8.99999976e-01,0
"03","010","017","0194",5,20,2.00999999e+00,0
"03","010","017","0215",7,14,1.40999997e+00,0
"03","010","017","0216",4,32,3.22000003e+00,0
"03","010","017","0542",2,208,2.08999996e+01,0
"03","010","017","0544",3,97,9.75000000e+00,0
"03","010","017","0547",1,583,5.85900002e+01,0
"03","010","017","0807",6,16,1.61000001e+00,0
"03","010","024","0033",7,5,5.40000021e-01,0
"03","010","024","0194",5,12,1.28999996e+00,0
"03","010","024","0215",8,1,1.09999999e-01,0
"03","010","024","0216",3,33,3.53999996e+00,0
"03","010","024","0542",2,282,3.02299995e+01,0
"03","010","024","0544",4,24,2.56999993e+00,0
"03","010","024","0547",1,538,5.76599998e+01,0
"03","010","024","0807",6,11,1.17999995e+00,0
"03","010","999","0033",7,22,6.89999998e-01,0
"03","010","999","0194",5,61,1.92999995e+00,0
"03","010","999","0215",8,20,6.29999995e-01,0
"03","010","999","0216",4,76,2.40000010e+00,0
"03","010","999","0542",2,739,2.33299999e+01,0
"03","010","999","0544",3,151,4.76999998e+00,0
"03","010","999","0547",1,1968,6.21199989e+01,0
"03","010","999","0807",6,37,1.16999996e+00,0
"03","011","019","0033",8,5,2.30000004e-01,0
"03","011","019","0194",5,15,6.80000007e-01,0
"03","011","019","0215",7,7,3.19999993e-01,0
"03","011","019","0216",3,19,8.60000014e-01,0
"03","011","019","0542",2,798,3.61199989e+01,0
"03","011","019","0544",4,16,7.20000029e-01,0
"03","011","019","0547",1,1195,5.40999985e+01,0
"03","011","019","0807",6,13,5.89999974e-01,0
"03","011","030","0033",4,57,2.09999990e+00,0
"03","011","030","0194",7,28,1.02999997e+00,0
"03","011","030","0215",6,44,1.62000000e+00,0
"03","011","030","0216",5,56,2.06999993e+00,0
"03","011","030","0542",2,775,2.86200008e+01,0
"03","011","030","0544",8,27,1.00000000e+00,0
"03","011","030","0547",1,1142,4.21699982e+01,0
"03","011","030","0807",3,475,1.75400009e+01,0
"03","011","036","0033",7,1,1.29999995e-01,0
"03","011","036","0194",4,5,6.29999995e-01,0
"03","011","036","0215",6,1,1.29999995e-01,0
"03","011","036","0216",8,0,0.00000000e+00,0
"03","011","036","0542",2,324,4.08100014e+01,0
"03","011","036","0544",3,30,3.77999997e+00,0
"03","011","036","0547",1,412,5.18899994e+01,0
"03","011","036","0807",5,4,5.00000000e-01,0
"03","011","999","0033",6,63,1.10000002e+00,0
"03","011","999","0194",8,48,8.39999974e-01,0
"03","011","999","0215",7,52,9.10000026e-01,0
"03","011","999","0216",4,75,1.30999994e+00,0
"03","011","999","0542",2,1897,3.32200012e+01,0
"03","011","999","0544",5,73,1.27999997e+00,0
"03","011","999","0547",1,2749,4.81399994e+01,0
"03","011","999","0807",3,492,8.60999966e+00,0
"03","012","001","0033",7,6,3.40000004e-01,0
"03","012","001","0194",3,15,8.39999974e-01,0
"03","012","001","0215",8,3,1.70000002e-01,0
"03","012","001","0216",4,12,6.70000017e-01,0
"03","012","001","0542",2,285,1.60300007e+01,0
"03","012","001","0544",6,9,5.09999990e-01,0
"03","012","001","0547",1,1388,7.80699997e+01,0
"03","012","001","0807",5,12,6.70000017e-01,0
"03","012","003","0033",7,69,9.39999998e-01,0
"03","012","003","0194",3,384,5.21999979e+00,0
"03","012","003","0215",5,127,1.73000002e+00,0
"03","012","003","0216",4,151,2.04999995e+00,0
"03","012","003","0542",1,3316,4.50800018e+01,0
"03","012","003","0544",6,116,1.58000004e+00,0
"03","012","003","0547",2,2542,3.45600014e+01,0
"03","012","003","0807",8,65,8.79999995e-01,0
"03","012","999","0033",8,75,8.19999993e-01,0
"03","012","999","0194",3,399,4.36999989e+00,0
"03","012","999","0215",5,130,1.41999996e+00,0
"03","012","999","0216",4,163,1.77999997e+00,0
"03","012","999","0542",2,3601,3.94199982e+01,0
"03","012","999","0544",6,125,1.37000000e+00,0
"03","012","999","0547",1,3930,4.30299988e+01,0
"03","012","999","0807",7,77,8.39999974e-01,0
"03","013","005","0033",8,35,5.09999990e-01,0
"03","013","005","0194",4,171,2.49000001e+00,0
"03","013","005","0215",7,113,1.64999998e+00,0
"03","013","005","0216",5,159,2.31999993e+00,0
"03","013","005","0542",1,3067,4.47299995e+01,0
"03","013","005","0544",3,208,3.02999997e+00,0
"03","013","005","0547",2,2613,3.81100006e+01,0
"03","013","005","0807",6,141,2.05999994e+00,0
"03","013","007","0033",8,0,0.00000000e+00,0
"03","013","007","0194",4,7,1.07000005e+00,0
"03","013","007","0215",7,0,0.00000000e+00,0
"03","013","007","0216",5,1,1.50000006e-01,0
"03","013","007","0542",1,371,5.65499992e+01,0
"03","013","007","0544",3,12,1.83000004e+00,0
"03","013","007","0547",2,259,3.94799995e+01,0
"03","013","007","0807",6,1,1.50000006e-01,0
"03","013","011","0033",8,2,3.00000012e-01,0
"03","013","011","0194",4,14,2.06999993e+00,0
"03","013","011","0215",7,3,4.39999998e-01,0
"03","013","011","0216",6,8,1.17999995e+00,0
"03","013","011","0542",2,157,2.31900005e+01,0
"03","013","011","0544",3,36,5.32000017e+00,0
"03","013","011","0547",1,427,6.30699997e+01,0
"03","013","011","0807",5,9,1.33000004e+00,0
"03","013","016","0033",6,10,5.40000021e-01,0
"03","013","016","0194",8,8,4.30000007e-01,0
"03","013","016","0215",7,9,4.79999989e-01,0
"03","013","016","0216",3,117,6.28000021e+00,0
"03","013","016","0542",2,455,2.44400005e+01,0
"03","013","016","0544",4,18,9.70000029e-01,0
"03","013","016","0547",1,1088,5.84300003e+01,0
"03","013","016","0807",5,14,7.50000000e-01,0
"03","013","020","0033",8,3,3.49999994e-01,0
"03","013","020","0194",5,12,1.38000000e+00,0
"03","013","020","0215",7,4,4.60000008e-01,0
"03","013","020","0216",6,9,1.03999996e+00,0
"03","013","020","0542",1,434,4.99399986e+01,0
"03","013","020","0544",3,21,2.42000008e+00,0
"03","013","020","0547",2,369,4.24599991e+01,0
"03","013","020","0807",4,13,1.50000000e+00,0
"03","013","021","0033",7,2,2.30000004e-01,0
"03","013","021","0194",4,7,8.10000002e-01,0
"03","013","021","0215",5,3,3.49999994e-01,0
"03","013","021","0216",6,3,3.49999994e-01,0
"03","013","021","0542",1,546,6.34099998e+01,0
"03","013","021","0544",3,12,1.38999999e+00,0
"03","013","021","0547",2,268,3.11299992e+01,0
"03","013","021","0807",8,2,2.30000004e-01,0
"03","013","022","0033",8,0,0.00000000e+00,0
"03","013","022","0194",5,12,1.85000002e+00,0
"03","013","022","0215",4,13,2.00000000e+00,0
"03","013","022","0216",7,3,4.60000008e-01,0
"03","013","022","0542",2,122,1.87999992e+01,0
"03","013","022","0544",3,23,3.53999996e+00,0
"03","013","022","0547",1,459,7.07200012e+01,0
"03","013","022","0807",6,5,7.69999981e-01,0
"03","013","025","0033",7,0,0.00000000e+00,0
"03","013","025","0194",6,0,0.00000000e+00,0
"03","013","025","0215",4,0,0.00000000e+00,0
"03","013","025","0216",5,0,0.00000000e+00,0
"03","013","025","0542",3,0,0.00000000e+00,0
"03","013","025","0544",2,0,0.00000000e+00,0
"03","013","025","0547",1,0,0.00000000e+00,0
"03","013","025","0807",8,0,0.00000000e+00,0
"03","013","034","0033",7,9,1.91999996e+00,0
"03","013","034","0194",3,19,4.05999994e+00,0
"03","013","034","0215",6,10,2.14000010e+00,0
"03","013","034","0216",8,4,8.50000024e-01,0
"03","013","034","0542",2,145,3.09799995e+01,0
"03","013","034","0544",5,10,2.14000010e+00,0
"03","013","034","0547",1,230,4.91500015e+01,0
"03","013","034","0807",4,11,2.34999990e+00,0
"03","013","999","0033",8,61,4.69999999e-01,0
"03","013","999","0194",5,250,1.94000006e+00,0
"03","013","999","0215",7,155,1.20000005e+00,0
"03","013","999","0216",4,304,2.35999990e+00,0
"03","013","999","0542",2,5297,4.10699997e+01,0
"03","013","999","0544",3,340,2.64000010e+00,0
"03","013","999","0547",1,5713,4.42900009e+01,0
"03","013","999","0807",6,196,1.51999998e+00,0
"03","014","004","0033",8,0,0.00000000e+00,0
"03","014","004","0194",6,3,5.19999981e-01,0
"03","014","004","0215",7,2,3.49999994e-01,0
"03","014","004","0216",5,24,4.15000010e+00,0
"03","014","004","0542",1,389,6.71800003e+01,0
"03","014","004","0544",3,44,7.59999990e+00,0
"03","014","004","0547",2,77,1.33000002e+01,0
"03","014","004","0807",4,32,5.53000021e+00,0
"03","014","999","0033",8,0,0.00000000e+00,0
"03","014","999","0194",6,3,5.19999981e-01,0
"03","014","999","0215",7,2,3.49999994e-01,0
"03","014","999","0216",5,24,4.15000010e+00,0
"03","014","999","0542",1,389,6.71800003e+01,0
"03","014","999","0544",3,44,7.59999990e+00,0
"03","014","999","0547",2,77,1.33000002e+01,0
"03","014","999","0807",4,32,5.53000021e+00,0
"03","015","009","0033",8,2,5.99999987e-02,0
"03","015","009","0194",5,22,6.49999976e-01,0
"03","015","009","0215",7,7,2.09999993e-01,0
"03","015","009","0216",6,16,4.69999999e-01,0
"03","015","009","0542",2,1227,3.61300011e+01,0
"03","015","009","0544",4,63,1.86000001e+00,0
"03","015","009","0547",1,1836,5.40600014e+01,0
"03","015","009","0807",3,80,2.35999990e+00,0
"03","015","032","0033",8,33,4.69999999e-01,0
"03","015","032","0194",4,97,1.37000000e+00,0
"03","015","032","0215",7,67,9.49999988e-01,0
"03","015","032","0216",5,94,1.33000004e+00,0
"03","015","032","0542",2,1655,2.33700008e+01,0
"03","015","032","0544",3,951,1.34300003e+01,0
"03","015","032","0547",1,3719,5.25099983e+01,0
"03","015","032","0807",6,79,1.12000000e+00,0
"03","015","999","0033",8,35,3.30000013e-01,0
"03","015","999","0194",5,119,1.13999999e+00,0
"03","015","999","0215",7,74,7.09999979e-01,0
"03","015","999","0216",6,110,1.04999995e+00,0
"03","015","999","0542",2,2882,2.75100002e+01,0
"03","015","999","0544",3,1014,9.68000031e+00,0
"03","015","999","0547",1,5555,5.30200005e+01,0
"03","015","999","0807",4,159,1.51999998e+00,0
"03","016","027","0033",8,10,3.49999994e-01,0
"03","016","027","0194",5,28,9.80000019e-01,0
"03","016","027","0215",4,56,1.96000004e+00,0
"03","016","027","0216",7,24,8.39999974e-01,0
"03","016","027","0542",2,440,1.54300003e+01,0
"03","016","027","0544",3,76,2.66000009e+00,0
"03","016","027","0547",1,1645,5.76800003e+01,0
"03","016","027","0807",6,28,9.80000019e-01,0
"03","016","028","0033",8,31,3.00000012e-01,0
"03","016","028","0194",4,132,1.28999996e+00,0
"03","016","028","0215",5,130,1.26999998e+00,0
"03","016","028","0216",6,61,5.89999974e-01,0
"03","016","028","0542",2,2778,2.70900002e+01,0
"03","016","028","0544",3,281,2.74000001e+00,0
"03","016","028","0547",1,5863,5.71800003e+01,0
"03","016","028","0807",7,57,5.60000002e-01,0
"03","016","999","0033",8,41,3.10000002e-01,0
"03","016","999","0194",5,160,1.22000003e+00,0
"03","016","999","0215",4,186,1.41999996e+00,0
"03","016","999","0216",6,85,6.49999976e-01,0
"03","016","999","0542",2,3218,2.45599995e+01,0
"03","016","999","0544",3,357,2.72000003e+00,0
"03","016","999","0547",1,7508,5.72900009e+01,0
"03","016","999","0807",7,85,6.49999976e-01,0
"03","999","999","0033",8,1395,7.59999990e-01,0
"03","999","999","0194",4,5531,3.00999999e+00,0
"03","999","999","0215",7,2206,1.20000005e+00,0
"03","999","999","0216",6,3057,1.65999997e+00,0
"03","999","999","0542",2,64938,3.53600006e+01,0
"03","999","999","0544",3,7628,4.15000010e+00,0
"03","999","999","0547",1,86006,4.68300018e+01,0
"03","999","999","0807",5,3181,1.73000002e+00,0
"13","001","999","0006",3,6554,9.14999962e+00,0
"13","001","999","0074",7,822,1.14999998e+00,0
"13","001","999","0181",5,1265,1.76999998e+00,0
"13","001","999","0221",8,490,6.80000007e-01,0
"13","001","999","0503",4,6286,8.77000046e+00,0
"13","001","999","0529",6,1199,1.66999996e+00,0
"13","001","999","0562",2,14051,1.96100006e+01,0
"13","001","999","0857",1,37546,5.24000015e+01,0
"13","002","999","0006",3,12110,1.07299995e+01,0
"13","002","999","0074",7,1401,1.24000001e+00,0
"13","002","999","0181",6,1868,1.65999997e+00,0
"13","002","999","0221",8,963,8.50000024e-01,0
"13","002","999","0503",4,11513,1.01999998e+01,0
"13","002","999","0529",5,1914,1.70000005e+00,0
"13","002","999","0562",2,24569,2.17700005e+01,0
"13","002","999","0857",1,53660,4.75499992e+01,0
"13","003","999","0006",4,16605,1.01199999e+01,0
"13","003","999","0074",7,2042,1.24000001e+00,0
"13","003","999","0181",6,2864,1.75000000e+00,0
"13","003","999","0221",8,1346,8.19999993e-01,0
"13","003","999","0503",3,18355,1.11899996e+01,0
"13","003","999","0529",5,3536,2.16000009e+00,0
"13","003","999","0562",2,41580,2.53400002e+01,0
"13","003","999","0857",1,69937,4.26300011e+01,0
"13","004","999","0006",4,10193,9.03999996e+00,0
"13","004","999","0074",7,1150,1.01999998e+00,0
"13","004","999","0181",6,1918,1.70000005e+00,0
"13","004","999","0221",8,915,8.10000002e-01,0
"13","004","999","0503",3,13193,1.17100000e+01,0
"13","004","999","0529",5,2365,2.09999990e+00,0
"13","004","999","0562",2,33007,2.92900009e+01,0
"13","004","999","0857",1,41387,3.67299995e+01,0
"13","005","999","0006",4,784,3.24000001e+00,0
"13","005","999","0074",6,278,1.14999998e+00,0
"13","005","999","0181",7,274,1.13000000e+00,0
"13","005","999","0221",8,172,7.09999979e-01,0
"13","005","999","0503",3,2168,8.94999981e+00,0
"13","005","999","0529",5,457,1.88999999e+00,0
"13","005","999","0562",1,11911,4.91899986e+01,0
"13","005","999","0857",2,6651,2.74699993e+01,0
"13","006","999","0006",4,8208,7.59000015e+00,0
"13","006","999","0074",7,1369,1.26999998e+00,0
"13","006","999","0181",6,1402,1.29999995e+00,0
"13","006","999","0221",8,823,7.59999990e-01,0
"13","006","999","0503",3,9409,8.69999981e+00,0
"13","006","999","0529",5,1579,1.46000004e+00,0
"13","006","999","0562",1,47280,4.37299995e+01,0
"13","006","999","0857",2,32004,2.96000004e+01,0
"13","007","999","0006",3,7384,9.64000034e+00,0
"13","007","999","0074",7,882,1.14999998e+00,0
"13","007","999","0181",5,1440,1.88000000e+00,0
"13","007","999","0221",8,714,9.30000007e-01,0
"13","007","999","0503",4,7309,9.53999996e+00,0
"13","007","999","0529",6,1388,1.80999994e+00,0
"13","007","999","0562",2,19665,2.56700001e+01,0
"13","007","999","0857",1,34210,4.46500015e+01,0
"13","008","999","0006",5,516,2.76999998e+00,0
"13","008","999","0074",7,270,1.45000005e+00,0
"13","008","999","0181",8,270,1.45000005e+00,0
"13","008","999","0221",6,329,1.76999998e+00,0
"13","008","999","0503",3,1265,6.78999996e+00,0
"13","008","999","0529",4,583,3.13000011e+00,0
"13","008","999","0562",1,7515,4.03400002e+01,0
"13","008","999","0857",2,6247,3.35299988e+01,0
"13","009","999","0006",4,4939,6.96999979e+00,0
"13","009","999","0074",8,692,9.80000019e-01,0
"13","009","999","0181",6,1485,2.09999990e+00,0
"13","009","999","0221",7,718,1.00999999e+00,0
"13","009","999","0503",3,6497,9.17000008e+00,0
"13","009","999","0529",5,1492,2.10999990e+00,0
"13","009","999","0562",1,26980,3.80699997e+01,0
"13","009","999","0857",2,24780,3.49599991e+01,0
"13","010","999","0006",4,1882,7.34999990e+00,0
"13","010","999","0074",7,305,1.19000006e+00,0
"13","010","999","0181",6,533,2.07999992e+00,0
"13","010","999","0221",8,249,9.70000029e-01,0
"13","010","999","0503",3,2422,9.44999981e+00,0
"13","010","999","0529",5,722,2.81999993e+00,0
"13","010","999","0562",2,7384,2.88199997e+01,0
"13","010","999","0857",1,9959,3.88699989e+01,0
"13","011","999","0006",4,1595,4.78000021e+00,0
"13","011","999","0074",7,382,1.14999998e+00,0
"13","011","999","0181",5,557,1.66999996e+00,0
"13","011","999","0221",8,242,7.30000019e-01,0
"13","011","999","0503",3,2130,6.38999987e+00,0
"13","011","999","0529",6,550,1.64999998e+00,0
"13","011","999","0562",2,10614,3.18299999e+01,0
"13","011","999","0857",1,14446,4.33199997e+01,0
"13","012","999","0006",4,682,2.30999994e+00,0
"13","012","999","0074",7,286,9.70000029e-01,0
"13","012","999","0181",6,405,1.37000000e+00,0
"13","012","999","0221",8,204,6.89999998e-01,0
"13","012","999","0503",3,1627,5.51000023e+00,0
"13","012","999","0529",5,409,1.38999999e+00,0
"13","012","999","0562",1,14577,4.94000015e+01,0
"13","012","999","0857",2,9566,3.24199982e+01,0
"13","013","999","0006",4,926,4.76000023e+00,0
"13","013","999","0074",5,476,2.45000005e+00,0
"13","013","999","0181",7,420,2.16000009e+00,0
"13","013","999","0221",8,187,9.59999979e-01,0
"13","013","999","0503",3,1498,7.69999981e+00,0
"13","013","999","0529",6,464,2.39000010e+00,0
"13","013","999","0562",1,8419,4.32799988e+01,0
"13","013","999","0857",2,5662,2.91100006e+01,0
"13","014","999","0006",5,225,2.25000000e+00,0
"13","014","999","0074",6,97,9.70000029e-01,0
"13","014","999","0181",7,91,9.10000026e-01,0
"13","014","999","0221",8,63,6.29999995e-01,0
"13","014","999","0503",3,560,5.61000013e+00,0
"13","014","999","0529",4,419,4.19999981e+00,0
"13","014","999","0562",1,3649,3.65299988e+01,0
"13","014","999","0857",2,3558,3.56199989e+01,0
"13","015","999","0006",5,92,1.32000005e+00,0
"13","015","999","0074",6,41,5.89999974e-01,0
"13","015","999","0181",7,39,5.60000002e-01,0
"13","015","999","0221",8,28,4.00000006e-01,0
"13","015","999","0503",3,142,2.02999997e+00,0
"13","015","999","0529",4,137,1.96000004e+00,0
"13","015","999","0562",2,2462,3.52700005e+01,0
"13","015","999","0857",1,3577,5.12400017e+01,0
"13","016","999","0006",6,1175,1.09000003e+00,0
"13","016","999","0074",8,787,7.30000019e-01,0
"13","016","999","0181",5,2088,1.92999995e+00,0
"13","016","999","0221",7,858,7.90000021e-01,0
"13","016","999","0503",3,4065,3.75000000e+00,0
"13","016","999","0529",4,2548,2.34999990e+00,0
"13","016","999","0562",1,50660,4.67900009e+01,0
"13","016","999","0857",2,40661,3.75499992e+01,0
"13","017","999","0006",7,210,1.28999996e+00,0
"13","017","999","0074",4,379,2.33999991e+00,0
"13","017","999","0181",6,281,1.73000002e+00,0
"13","017","999","0221",8,119,7.30000019e-01,0
"13","017","999","0503",3,842,5.19000006e+00,0
"13","017","999","0529",5,327,2.01999998e+00,0
"13","017","999","0562",1,7579,4.67099991e+01,0
"13","017","999","0857",2,4891,3.01399994e+01,0
"13","018","999","0006",8,143,5.19999981e-01,0
"13","018","999","0074",5,539,1.96000004e+00,0
"13","018","999","0181",3,753,2.73000002e+00,0
"13","018","999","0221",7,233,8.50000024e-01,0
"13","018","999","0503",4,640,2.31999993e+00,0
"13","018","999","0529",6,340,1.23000002e+00,0
"13","018","999","0562",2,11007,3.99300003e+01,0
"13","018","999","0857",1,11374,4.12599983e+01,0
"13","991","999","0006",4,34136,9.15999985e+00,0
"13","991","999","0074",7,4292,1.14999998e+00,0
"13","991","999","0181",6,6321,1.70000005e+00,0
"13","991","999","0221",8,2923,7.79999971e-01,0
"13","991","999","0503",3,40002,1.07399998e+01,0
"13","991","999","0529",5,7557,2.02999997e+00,0
"13","991","999","0562",2,100549,2.69799995e+01,0
"13","991","999","0857",1,155521,4.17400017e+01,0
"13","992","999","0006",4,16941,6.65000010e+00,0
"13","992","999","0074",7,2886,1.13000000e+00,0
"13","992","999","0181",6,4107,1.61000001e+00,0
"13","992","999","0221",8,2123,8.29999983e-01,0
"13","992","999","0503",3,21160,8.30000019e+00,0
"13","992","999","0529",5,4899,1.91999996e+00,0
"13","992","999","0562",1,98369,3.85900002e+01,0
"13","992","999","0857",2,88324,3.46500015e+01,0
"13","993","999","0006",4,21618,8.40999985e+00,0
"13","993","999","0074",7,3315,1.28999996e+00,0
"13","993","999","0181",6,4403,1.71000004e+00,0
"13","993","999","0221",8,2397,9.30000007e-01,0
"13","993","999","0503",3,23212,9.02999973e+00,0
"13","993","999","0529",5,4758,1.85000002e+00,0
"13","993","999","0562",2,74745,2.90799999e+01,0
"13","993","999","0857",1,109345,4.25400009e+01,0
"13","994","999","0006",7,1528,1.00000000e+00,0
"13","994","999","0074",6,1705,1.12000000e+00,0
"13","994","999","0181",5,3122,2.04999995e+00,0
"13","994","999","0221",8,1210,8.00000012e-01,0
"13","994","999","0503",3,5547,3.65000010e+00,0
"13","994","999","0529",4,3215,2.10999990e+00,0
"13","994","999","0562",1,69246,4.55400009e+01,0
"13","994","999","0857",2,56926,3.74300003e+01,0
"13","999","999","0006",4,74223,7.15999985e+00,0
"13","999","999","0074",7,12198,1.17999995e+00,0
"13","999","999","0181",6,17953,1.73000002e+00,0
"13","999","999","0221",8,8653,8.29999983e-01,0
"13","999","999","0503",3,89921,8.67000008e+00,0
"13","999","999","0529",5,20429,1.97000003e+00,0
"13","999","999","0562",2,342909,3.30800018e+01,0
"13","999","999","0857",1,410116,3.95600014e+01,0
